User ID,Text
1001,A bit overwhelmed but okay.
1002,Feeling anxious lately.
1003,Feeling stressed today.
1004,Feeling stressed today.
1005,Feeling low but hopeful.
1006,Trying to stay positive.
1007,Super productive day!
1008,Life is going well.
1009,Great day with friends!
1010,Super productive day!
1011,Feeling low but hopeful.
1012,Great day with friends!
1013,Trying to stay positive.
1014,Feeling low but hopeful.
1015,Great day with friends!
1016,Trying to stay positive.
1017,Having trouble sleeping.
1018,Super productive day!
1019,Super productive day!
1020,Life is going well.
1021,Trying to stay positive.
1022,Feeling anxious lately.
1023,Having trouble sleeping.
1024,Excited for the weekend!
1025,Great day with friends!
1026,Having trouble sleeping.
1027,Trying to stay positive.
1028,A bit overwhelmed but okay.
1029,Great day with friends!
1030,Feeling stressed today.
1031,Super productive day!
1032,Trying to stay positive.
1033,Feeling stressed today.
1034,Life is going well.
1035,Feeling low but hopeful.
1036,Excited for the weekend!
1037,Excited for the weekend!
1038,Feeling stressed today.
1039,Super productive day!
1040,Life is going well.
1041,A bit overwhelmed but okay.
1042,Super productive day!
1043,Having trouble sleeping.
1044,Excited for the weekend!
1045,Having trouble sleeping.
1046,Great day with friends!
1047,Feeling anxious lately.
1048,Trying to stay positive.
1049,Life is going well.
1050,Super productive day!
1051,Excited for the weekend!
1052,Having trouble sleeping.
1053,Feeling low but hopeful.
1054,Great day with friends!
1055,Trying to stay positive.
1056,Trying to stay positive.
1057,Super productive day!
1058,Life is going well.
1059,A bit overwhelmed but okay.
1060,Feeling low but hopeful.
1061,Super productive day!
1062,Having trouble sleeping.
1063,Feeling anxious lately.
1064,Feeling stressed today.
1065,A bit overwhelmed but okay.
1066,Life is going well.
1067,Great day with friends!
1068,A bit overwhelmed but okay.
1069,Excited for the weekend!
1070,Life is going well.
1071,Feeling anxious lately.
1072,Excited for the weekend!
1073,A bit overwhelmed but okay.
1074,Feeling stressed today.
1075,Feeling stressed today.
1076,Feeling anxious lately.
1077,Trying to stay positive.
1078,Feeling low but hopeful.
1079,Great day with friends!
1080,Trying to stay positive.
1081,Feeling stressed today.
1082,Feeling stressed today.
1083,Having trouble sleeping.
1084,Excited for the weekend!
1085,A bit overwhelmed but okay.
1086,Great day with friends!
1087,Feeling anxious lately.
1088,A bit overwhelmed but okay.
1089,Having trouble sleeping.
1090,Feeling stressed today.
1091,Feeling anxious lately.
1092,Feeling stressed today.
1093,Great day with friends!
1094,Excited for the weekend!
1095,A bit overwhelmed but okay.
1096,A bit overwhelmed but okay.
1097,Trying to stay positive.
1098,Feeling anxious lately.
1099,Feeling low but hopeful.
1100,Having trouble sleeping.
1101,Feeling low but hopeful.
1102,Trying to stay positive.
1103,Great day with friends!
1104,Having trouble sleeping.
1105,Excited for the weekend!
1106,Feeling low but hopeful.
1107,Excited for the weekend!
1108,Feeling low but hopeful.
1109,Excited for the weekend!
1110,Feeling low but hopeful.
1111,Excited for the weekend!
1112,Trying to stay positive.
1113,Life is going well.
1114,Having trouble sleeping.
1115,Feeling anxious lately.
1116,Great day with friends!
1117,Super productive day!
1118,Feeling stressed today.
1119,Feeling anxious lately.
1120,Feeling stressed today.
1121,Having trouble sleeping.
1122,Feeling anxious lately.
1123,Excited for the weekend!
1124,Excited for the weekend!
1125,Super productive day!
1126,Feeling stressed today.
1127,Great day with friends!
1128,Having trouble sleeping.
1129,Excited for the weekend!
1130,Life is going well.
1131,Trying to stay positive.
1132,Trying to stay positive.
1133,Feeling low but hopeful.
1134,Great day with friends!
1135,Trying to stay positive.
1136,Feeling low but hopeful.
1137,Feeling stressed today.
1138,Excited for the weekend!
1139,Excited for the weekend!
1140,Life is going well.
1141,Feeling anxious lately.
1142,Trying to stay positive.
1143,Feeling stressed today.
1144,A bit overwhelmed but okay.
1145,Trying to stay positive.
1146,Great day with friends!
1147,Feeling anxious lately.
1148,Trying to stay positive.
1149,Feeling stressed today.
1150,Trying to stay positive.
1151,Great day with friends!
1152,A bit overwhelmed but okay.
1153,Having trouble sleeping.
1154,Super productive day!
1155,A bit overwhelmed but okay.
1156,Feeling low but hopeful.
1157,Trying to stay positive.
1158,Excited for the weekend!
1159,Life is going well.
1160,Excited for the weekend!
1161,A bit overwhelmed but okay.
1162,Excited for the weekend!
1163,Feeling stressed today.
1164,Excited for the weekend!
1165,Feeling anxious lately.
1166,Having trouble sleeping.
1167,Trying to stay positive.
1168,Excited for the weekend!
1169,Great day with friends!
1170,Having trouble sleeping.
1171,Having trouble sleeping.
1172,Excited for the weekend!
1173,Having trouble sleeping.
1174,Life is going well.
1175,Excited for the weekend!
1176,Feeling stressed today.
1177,A bit overwhelmed but okay.
1178,Feeling anxious lately.
1179,Super productive day!
1180,Feeling low but hopeful.
1181,Having trouble sleeping.
1182,Feeling stressed today.
1183,Trying to stay positive.
1184,Trying to stay positive.
1185,Feeling low but hopeful.
1186,Feeling anxious lately.
1187,Having trouble sleeping.
1188,Life is going well.
1189,Feeling low but hopeful.
1190,Feeling anxious lately.
1191,Having trouble sleeping.
1192,Feeling stressed today.
1193,A bit overwhelmed but okay.
1194,Life is going well.
1195,Super productive day!
1196,Trying to stay positive.
1197,Great day with friends!
1198,Feeling stressed today.
1199,Trying to stay positive.
1200,Excited for the weekend!
1201,Great day with friends!
1202,Trying to stay positive.
1203,Feeling anxious lately.
1204,Life is going well.
1205,Trying to stay positive.
1206,Super productive day!
1207,A bit overwhelmed but okay.
1208,Feeling anxious lately.
1209,Feeling stressed today.
1210,Feeling stressed today.
1211,Feeling stressed today.
1212,Feeling stressed today.
1213,A bit overwhelmed but okay.
1214,Trying to stay positive.
1215,Having trouble sleeping.
1216,Trying to stay positive.
1217,Excited for the weekend!
1218,Life is going well.
1219,Great day with friends!
1220,Having trouble sleeping.
1221,Having trouble sleeping.
1222,Trying to stay positive.
1223,Having trouble sleeping.
1224,Feeling low but hopeful.
1225,Feeling low but hopeful.
1226,Excited for the weekend!
1227,Great day with friends!
1228,Super productive day!
1229,A bit overwhelmed but okay.
1230,Trying to stay positive.
1231,A bit overwhelmed but okay.
1232,Super productive day!
1233,Trying to stay positive.
1234,Trying to stay positive.
1235,Great day with friends!
1236,A bit overwhelmed but okay.
1237,Feeling low but hopeful.
1238,Feeling stressed today.
1239,A bit overwhelmed but okay.
1240,Life is going well.
1241,Life is going well.
1242,Trying to stay positive.
1243,Feeling stressed today.
1244,Feeling anxious lately.
1245,Super productive day!
1246,Excited for the weekend!
1247,Feeling stressed today.
1248,Excited for the weekend!
1249,A bit overwhelmed but okay.
1250,A bit overwhelmed but okay.
1251,Excited for the weekend!
1252,Super productive day!
1253,Feeling stressed today.
1254,Feeling anxious lately.
1255,Trying to stay positive.
1256,Great day with friends!
1257,A bit overwhelmed but okay.
1258,Life is going well.
1259,Super productive day!
1260,Great day with friends!
1261,Feeling anxious lately.
1262,Having trouble sleeping.
1263,Trying to stay positive.
1264,A bit overwhelmed but okay.
1265,Trying to stay positive.
1266,Great day with friends!
1267,Trying to stay positive.
1268,Having trouble sleeping.
1269,Great day with friends!
1270,A bit overwhelmed but okay.
1271,Feeling stressed today.
1272,Life is going well.
1273,Great day with friends!
1274,Feeling low but hopeful.
1275,Having trouble sleeping.
1276,Great day with friends!
1277,Great day with friends!
1278,Feeling low but hopeful.
1279,A bit overwhelmed but okay.
1280,Great day with friends!
1281,Life is going well.
1282,Trying to stay positive.
1283,A bit overwhelmed but okay.
1284,Life is going well.
1285,A bit overwhelmed but okay.
1286,Life is going well.
1287,Having trouble sleeping.
1288,Life is going well.
1289,Excited for the weekend!
1290,Life is going well.
1291,Feeling stressed today.
1292,Feeling stressed today.
1293,Super productive day!
1294,Excited for the weekend!
1295,Excited for the weekend!
1296,Trying to stay positive.
1297,Excited for the weekend!
1298,Trying to stay positive.
1299,Super productive day!
1300,Super productive day!
1301,Having trouble sleeping.
1302,Feeling stressed today.
1303,Life is going well.
1304,Life is going well.
1305,Feeling low but hopeful.
1306,Feeling low but hopeful.
1307,Feeling anxious lately.
1308,A bit overwhelmed but okay.
1309,Having trouble sleeping.
1310,Feeling anxious lately.
1311,Feeling anxious lately.
1312,Great day with friends!
1313,Great day with friends!
1314,Feeling anxious lately.
1315,Excited for the weekend!
1316,A bit overwhelmed but okay.
1317,Having trouble sleeping.
1318,Feeling anxious lately.
1319,Life is going well.
1320,A bit overwhelmed but okay.
1321,Great day with friends!
1322,Life is going well.
1323,Great day with friends!
1324,Great day with friends!
1325,A bit overwhelmed but okay.
1326,Great day with friends!
1327,Super productive day!
1328,Feeling stressed today.
1329,Super productive day!
1330,Feeling stressed today.
1331,Feeling low but hopeful.
1332,Feeling low but hopeful.
1333,Great day with friends!
1334,Having trouble sleeping.
1335,Having trouble sleeping.
1336,Feeling stressed today.
1337,Life is going well.
1338,A bit overwhelmed but okay.
1339,Great day with friends!
1340,A bit overwhelmed but okay.
1341,Super productive day!
1342,Having trouble sleeping.
1343,Excited for the weekend!
1344,Super productive day!
1345,Super productive day!
1346,Feeling stressed today.
1347,Trying to stay positive.
1348,Super productive day!
1349,Great day with friends!
1350,Feeling anxious lately.
1351,Feeling anxious lately.
1352,Great day with friends!
1353,Trying to stay positive.
1354,Trying to stay positive.
1355,Feeling stressed today.
1356,Having trouble sleeping.
1357,A bit overwhelmed but okay.
1358,Trying to stay positive.
1359,Excited for the weekend!
1360,Feeling stressed today.
1361,Feeling low but hopeful.
1362,Life is going well.
1363,Feeling low but hopeful.
1364,Feeling stressed today.
1365,Super productive day!
1366,A bit overwhelmed but okay.
1367,Life is going well.
1368,Feeling low but hopeful.
1369,Life is going well.
1370,Excited for the weekend!
1371,Excited for the weekend!
1372,Excited for the weekend!
1373,Feeling stressed today.
1374,A bit overwhelmed but okay.
1375,Feeling stressed today.
1376,Feeling anxious lately.
1377,Super productive day!
1378,Super productive day!
1379,Excited for the weekend!
1380,Feeling anxious lately.
1381,Trying to stay positive.
1382,Trying to stay positive.
1383,Excited for the weekend!
1384,Feeling low but hopeful.
1385,Feeling stressed today.
1386,Excited for the weekend!
1387,Having trouble sleeping.
1388,Life is going well.
1389,Super productive day!
1390,Trying to stay positive.
1391,Great day with friends!
1392,Trying to stay positive.
1393,Super productive day!
1394,Life is going well.
1395,Super productive day!
1396,Great day with friends!
1397,Excited for the weekend!
1398,Feeling anxious lately.
1399,Great day with friends!
1400,Super productive day!
1401,Super productive day!
1402,Having trouble sleeping.
1403,Having trouble sleeping.
1404,A bit overwhelmed but okay.
1405,Having trouble sleeping.
1406,Feeling stressed today.
1407,Feeling anxious lately.
1408,Life is going well.
1409,Great day with friends!
1410,Super productive day!
1411,A bit overwhelmed but okay.
1412,A bit overwhelmed but okay.
1413,Life is going well.
1414,Feeling anxious lately.
1415,Great day with friends!
1416,Trying to stay positive.
1417,Having trouble sleeping.
1418,Excited for the weekend!
1419,A bit overwhelmed but okay.
1420,Having trouble sleeping.
1421,Having trouble sleeping.
1422,Feeling stressed today.
1423,Feeling anxious lately.
1424,Excited for the weekend!
1425,Trying to stay positive.
1426,Super productive day!
1427,Feeling stressed today.
1428,Having trouble sleeping.
1429,Having trouble sleeping.
1430,Feeling low but hopeful.
1431,Excited for the weekend!
1432,Excited for the weekend!
1433,Feeling low but hopeful.
1434,Excited for the weekend!
1435,Having trouble sleeping.
1436,A bit overwhelmed but okay.
1437,Great day with friends!
1438,Having trouble sleeping.
1439,Feeling stressed today.
1440,Feeling anxious lately.
1441,Feeling low but hopeful.
1442,Trying to stay positive.
1443,Super productive day!
1444,Trying to stay positive.
1445,Having trouble sleeping.
1446,Feeling stressed today.
1447,Having trouble sleeping.
1448,Feeling anxious lately.
1449,A bit overwhelmed but okay.
1450,Super productive day!
1451,Feeling anxious lately.
1452,Feeling low but hopeful.
1453,Feeling low but hopeful.
1454,Having trouble sleeping.
1455,Feeling stressed today.
1456,Feeling anxious lately.
1457,Life is going well.
1458,Feeling stressed today.
1459,A bit overwhelmed but okay.
1460,Feeling low but hopeful.
1461,Having trouble sleeping.
1462,Excited for the weekend!
1463,Feeling low but hopeful.
1464,Super productive day!
1465,Great day with friends!
1466,Excited for the weekend!
1467,Having trouble sleeping.
1468,Life is going well.
1469,Excited for the weekend!
1470,Super productive day!
1471,Feeling stressed today.
1472,Life is going well.
1473,Feeling low but hopeful.
1474,Life is going well.
1475,Feeling anxious lately.
1476,Super productive day!
1477,Excited for the weekend!
1478,Feeling anxious lately.
1479,Life is going well.
1480,Feeling anxious lately.
1481,Trying to stay positive.
1482,Super productive day!
1483,A bit overwhelmed but okay.
1484,Feeling stressed today.
1485,Life is going well.
1486,Super productive day!
1487,A bit overwhelmed but okay.
1488,A bit overwhelmed but okay.
1489,Having trouble sleeping.
1490,Feeling anxious lately.
1491,A bit overwhelmed but okay.
1492,Trying to stay positive.
1493,Super productive day!
1494,Great day with friends!
1495,Great day with friends!
1496,Life is going well.
1497,Feeling low but hopeful.
1498,Feeling anxious lately.
1499,Feeling low but hopeful.
1500,A bit overwhelmed but okay.
1501,Super productive day!
1502,Life is going well.
1503,Excited for the weekend!
1504,A bit overwhelmed but okay.
1505,Feeling anxious lately.
1506,Great day with friends!
1507,Having trouble sleeping.
1508,Super productive day!
1509,Feeling stressed today.
1510,Feeling low but hopeful.
1511,Life is going well.
1512,Feeling low but hopeful.
1513,Super productive day!
1514,Feeling low but hopeful.
1515,Super productive day!
1516,Feeling low but hopeful.
1517,Trying to stay positive.
1518,Excited for the weekend!
1519,A bit overwhelmed but okay.
1520,A bit overwhelmed but okay.
1521,Feeling anxious lately.
1522,Feeling stressed today.
1523,Feeling stressed today.
1524,Feeling anxious lately.
1525,Having trouble sleeping.
1526,A bit overwhelmed but okay.
1527,Having trouble sleeping.
1528,Super productive day!
1529,Super productive day!
1530,Great day with friends!
1531,Feeling low but hopeful.
1532,Feeling stressed today.
1533,Great day with friends!
1534,Excited for the weekend!
1535,Feeling anxious lately.
1536,Feeling anxious lately.
1537,Super productive day!
1538,A bit overwhelmed but okay.
1539,Having trouble sleeping.
1540,Feeling stressed today.
1541,Great day with friends!
1542,Having trouble sleeping.
1543,Great day with friends!
1544,Feeling low but hopeful.
1545,Excited for the weekend!
1546,Excited for the weekend!
1547,Having trouble sleeping.
1548,Having trouble sleeping.
1549,Having trouble sleeping.
1550,Great day with friends!
1551,Feeling low but hopeful.
1552,Trying to stay positive.
1553,Having trouble sleeping.
1554,A bit overwhelmed but okay.
1555,Feeling stressed today.
1556,Feeling stressed today.
1557,Great day with friends!
1558,Having trouble sleeping.
1559,Super productive day!
1560,Feeling anxious lately.
1561,Trying to stay positive.
1562,A bit overwhelmed but okay.
1563,Feeling low but hopeful.
1564,Super productive day!
1565,Excited for the weekend!
1566,Super productive day!
1567,Great day with friends!
1568,Trying to stay positive.
1569,Life is going well.
1570,Life is going well.
1571,Having trouble sleeping.
1572,Having trouble sleeping.
1573,Great day with friends!
1574,Feeling low but hopeful.
1575,Having trouble sleeping.
1576,Feeling anxious lately.
1577,Trying to stay positive.
1578,Great day with friends!
1579,Feeling stressed today.
1580,Excited for the weekend!
1581,Great day with friends!
1582,Great day with friends!
1583,Life is going well.
1584,A bit overwhelmed but okay.
1585,Feeling low but hopeful.
1586,A bit overwhelmed but okay.
1587,Feeling anxious lately.
1588,Feeling stressed today.
1589,Life is going well.
1590,Feeling stressed today.
1591,Feeling anxious lately.
1592,A bit overwhelmed but okay.
1593,Great day with friends!
1594,Having trouble sleeping.
1595,Having trouble sleeping.
1596,Super productive day!
1597,Excited for the weekend!
1598,Feeling low but hopeful.
1599,Feeling anxious lately.
1600,Excited for the weekend!
1601,Feeling low but hopeful.
1602,Excited for the weekend!
1603,A bit overwhelmed but okay.
1604,Feeling low but hopeful.
1605,A bit overwhelmed but okay.
1606,Great day with friends!
1607,Life is going well.
1608,A bit overwhelmed but okay.
1609,Having trouble sleeping.
1610,Excited for the weekend!
1611,Super productive day!
1612,Trying to stay positive.
1613,Feeling low but hopeful.
1614,Feeling anxious lately.
1615,Super productive day!
1616,Having trouble sleeping.
1617,A bit overwhelmed but okay.
1618,Life is going well.
1619,Great day with friends!
1620,Trying to stay positive.
1621,Feeling stressed today.
1622,Super productive day!
1623,Life is going well.
1624,Feeling stressed today.
1625,Trying to stay positive.
1626,Feeling anxious lately.
1627,Feeling anxious lately.
1628,Excited for the weekend!
1629,Trying to stay positive.
1630,Trying to stay positive.
1631,Feeling stressed today.
1632,Life is going well.
1633,Feeling low but hopeful.
1634,Feeling stressed today.
1635,Great day with friends!
1636,Feeling anxious lately.
1637,Feeling anxious lately.
1638,Excited for the weekend!
1639,Great day with friends!
1640,Feeling anxious lately.
1641,Feeling stressed today.
1642,Great day with friends!
1643,Feeling stressed today.
1644,Feeling low but hopeful.
1645,Feeling low but hopeful.
1646,Feeling anxious lately.
1647,Feeling anxious lately.
1648,Life is going well.
1649,Feeling low but hopeful.
1650,Super productive day!
1651,Super productive day!
1652,Excited for the weekend!
1653,Feeling low but hopeful.
1654,Feeling stressed today.
1655,Feeling stressed today.
1656,Having trouble sleeping.
1657,Great day with friends!
1658,A bit overwhelmed but okay.
1659,Super productive day!
1660,Feeling anxious lately.
1661,Excited for the weekend!
1662,A bit overwhelmed but okay.
1663,Trying to stay positive.
1664,Excited for the weekend!
1665,Trying to stay positive.
1666,Feeling low but hopeful.
1667,Trying to stay positive.
1668,Trying to stay positive.
1669,Life is going well.
1670,Life is going well.
1671,Life is going well.
1672,Feeling low but hopeful.
1673,A bit overwhelmed but okay.
1674,Excited for the weekend!
1675,Excited for the weekend!
1676,Feeling anxious lately.
1677,Life is going well.
1678,Feeling low but hopeful.
1679,Feeling anxious lately.
1680,Great day with friends!
1681,Feeling anxious lately.
1682,A bit overwhelmed but okay.
1683,Super productive day!
1684,Trying to stay positive.
1685,Life is going well.
1686,Super productive day!
1687,Feeling anxious lately.
1688,Feeling low but hopeful.
1689,Trying to stay positive.
1690,Excited for the weekend!
1691,Feeling stressed today.
1692,Trying to stay positive.
1693,A bit overwhelmed but okay.
1694,A bit overwhelmed but okay.
1695,Feeling anxious lately.
1696,Great day with friends!
1697,A bit overwhelmed but okay.
1698,A bit overwhelmed but okay.
1699,Feeling low but hopeful.
1700,Feeling anxious lately.
1701,Trying to stay positive.
1702,Great day with friends!
1703,Super productive day!
1704,Feeling stressed today.
1705,Life is going well.
1706,Excited for the weekend!
1707,A bit overwhelmed but okay.
1708,Feeling anxious lately.
1709,Life is going well.
1710,Excited for the weekend!
1711,Excited for the weekend!
1712,Super productive day!
1713,Super productive day!
1714,Super productive day!
1715,Having trouble sleeping.
1716,Having trouble sleeping.
1717,Excited for the weekend!
1718,Super productive day!
1719,Feeling low but hopeful.
1720,A bit overwhelmed but okay.
1721,Life is going well.
1722,Life is going well.
1723,Having trouble sleeping.
1724,Excited for the weekend!
1725,Feeling anxious lately.
1726,Trying to stay positive.
1727,Trying to stay positive.
1728,Having trouble sleeping.
1729,Feeling anxious lately.
1730,Having trouble sleeping.
1731,Trying to stay positive.
1732,Feeling anxious lately.
1733,Super productive day!
1734,Excited for the weekend!
1735,Life is going well.
1736,Feeling low but hopeful.
1737,Great day with friends!
1738,Excited for the weekend!
1739,Super productive day!
1740,Trying to stay positive.
1741,Super productive day!
1742,Having trouble sleeping.
1743,Feeling anxious lately.
1744,Life is going well.
1745,A bit overwhelmed but okay.
1746,Having trouble sleeping.
1747,Excited for the weekend!
1748,Having trouble sleeping.
1749,Excited for the weekend!
1750,A bit overwhelmed but okay.
1751,Feeling stressed today.
1752,Life is going well.
1753,Feeling low but hopeful.
1754,Feeling low but hopeful.
1755,Great day with friends!
1756,Super productive day!
1757,Feeling stressed today.
1758,Feeling low but hopeful.
1759,Having trouble sleeping.
1760,Super productive day!
1761,Feeling stressed today.
1762,Feeling anxious lately.
1763,Feeling anxious lately.
1764,Super productive day!
1765,Excited for the weekend!
1766,Excited for the weekend!
1767,Having trouble sleeping.
1768,Feeling stressed today.
1769,Feeling stressed today.
1770,Super productive day!
1771,Trying to stay positive.
1772,Feeling anxious lately.
1773,Feeling stressed today.
1774,Super productive day!
1775,A bit overwhelmed but okay.
1776,Great day with friends!
1777,A bit overwhelmed but okay.
1778,Life is going well.
1779,Having trouble sleeping.
1780,Feeling stressed today.
1781,Life is going well.
1782,Feeling low but hopeful.
1783,Life is going well.
1784,Super productive day!
1785,Feeling stressed today.
1786,Great day with friends!
1787,Super productive day!
1788,Super productive day!
1789,Having trouble sleeping.
1790,Having trouble sleeping.
1791,Feeling anxious lately.
1792,Feeling anxious lately.
1793,Excited for the weekend!
1794,Trying to stay positive.
1795,Feeling stressed today.
1796,Feeling stressed today.
1797,Life is going well.
1798,Feeling stressed today.
1799,Feeling stressed today.
1800,Trying to stay positive.
1801,Feeling low but hopeful.
1802,Feeling anxious lately.
1803,Feeling anxious lately.
1804,Great day with friends!
1805,Feeling stressed today.
1806,Trying to stay positive.
1807,Feeling anxious lately.
1808,Trying to stay positive.
1809,A bit overwhelmed but okay.
1810,Feeling low but hopeful.
1811,Feeling stressed today.
1812,Great day with friends!
1813,Life is going well.
1814,Feeling anxious lately.
1815,A bit overwhelmed but okay.
1816,Trying to stay positive.
1817,Having trouble sleeping.
1818,Super productive day!
1819,Feeling stressed today.
1820,Feeling stressed today.
1821,A bit overwhelmed but okay.
1822,Trying to stay positive.
1823,Excited for the weekend!
1824,Feeling stressed today.
1825,Excited for the weekend!
1826,Having trouble sleeping.
1827,A bit overwhelmed but okay.
1828,Trying to stay positive.
1829,Trying to stay positive.
1830,Feeling low but hopeful.
1831,Super productive day!
1832,Feeling anxious lately.
1833,Feeling anxious lately.
1834,Life is going well.
1835,Great day with friends!
1836,A bit overwhelmed but okay.
1837,Having trouble sleeping.
1838,Trying to stay positive.
1839,Super productive day!
1840,Excited for the weekend!
1841,A bit overwhelmed but okay.
1842,Life is going well.
1843,A bit overwhelmed but okay.
1844,Life is going well.
1845,Trying to stay positive.
1846,Great day with friends!
1847,Life is going well.
1848,Trying to stay positive.
1849,Trying to stay positive.
1850,Great day with friends!
1851,Feeling anxious lately.
1852,A bit overwhelmed but okay.
1853,Feeling stressed today.
1854,Feeling stressed today.
1855,Excited for the weekend!
1856,Excited for the weekend!
1857,Feeling stressed today.
1858,Having trouble sleeping.
1859,Feeling stressed today.
1860,Excited for the weekend!
1861,Super productive day!
1862,Excited for the weekend!
1863,Having trouble sleeping.
1864,A bit overwhelmed but okay.
1865,Feeling stressed today.
1866,Great day with friends!
1867,Super productive day!
1868,Trying to stay positive.
1869,Having trouble sleeping.
1870,Excited for the weekend!
1871,Great day with friends!
1872,Life is going well.
1873,Feeling anxious lately.
1874,Feeling stressed today.
1875,Feeling anxious lately.
1876,Having trouble sleeping.
1877,Life is going well.
1878,Life is going well.
1879,Life is going well.
1880,Trying to stay positive.
1881,Having trouble sleeping.
1882,A bit overwhelmed but okay.
1883,Feeling anxious lately.
1884,A bit overwhelmed but okay.
1885,Great day with friends!
1886,Feeling low but hopeful.
1887,Super productive day!
1888,Super productive day!
1889,A bit overwhelmed but okay.
1890,Feeling low but hopeful.
1891,Feeling low but hopeful.
1892,Feeling stressed today.
1893,Great day with friends!
1894,Having trouble sleeping.
1895,Feeling low but hopeful.
1896,Excited for the weekend!
1897,Super productive day!
1898,Excited for the weekend!
1899,Great day with friends!
1900,Feeling low but hopeful.
1901,Feeling anxious lately.
1902,Super productive day!
1903,Feeling stressed today.
1904,Feeling stressed today.
1905,Life is going well.
1906,Trying to stay positive.
1907,Feeling low but hopeful.
1908,Great day with friends!
1909,Super productive day!
1910,Trying to stay positive.
1911,Great day with friends!
1912,A bit overwhelmed but okay.
1913,Feeling low but hopeful.
1914,Having trouble sleeping.
1915,Having trouble sleeping.
1916,Feeling low but hopeful.
1917,Life is going well.
1918,Life is going well.
1919,Having trouble sleeping.
1920,Feeling anxious lately.
1921,Super productive day!
1922,Having trouble sleeping.
1923,Feeling anxious lately.
1924,Trying to stay positive.
1925,Feeling anxious lately.
1926,Trying to stay positive.
1927,Great day with friends!
1928,Excited for the weekend!
1929,Great day with friends!
1930,Having trouble sleeping.
1931,Trying to stay positive.
1932,Having trouble sleeping.
1933,Feeling low but hopeful.
1934,Super productive day!
1935,Feeling stressed today.
1936,Having trouble sleeping.
1937,Super productive day!
1938,Feeling anxious lately.
1939,Great day with friends!
1940,Feeling anxious lately.
1941,Feeling stressed today.
1942,Trying to stay positive.
1943,Feeling low but hopeful.
1944,Super productive day!
1945,Feeling low but hopeful.
1946,Excited for the weekend!
1947,Having trouble sleeping.
1948,Trying to stay positive.
1949,Excited for the weekend!
1950,A bit overwhelmed but okay.
1951,Having trouble sleeping.
1952,Feeling anxious lately.
1953,Great day with friends!
1954,Super productive day!
1955,Feeling stressed today.
1956,Feeling stressed today.
1957,Feeling anxious lately.
1958,Life is going well.
1959,Feeling stressed today.
1960,Super productive day!
1961,Feeling anxious lately.
1962,Trying to stay positive.
1963,Feeling stressed today.
1964,Feeling low but hopeful.
1965,Feeling anxious lately.
1966,Super productive day!
1967,Feeling low but hopeful.
1968,Having trouble sleeping.
1969,Having trouble sleeping.
1970,Feeling stressed today.
1971,Feeling low but hopeful.
1972,Great day with friends!
1973,Having trouble sleeping.
1974,Great day with friends!
1975,Trying to stay positive.
1976,Feeling anxious lately.
1977,Excited for the weekend!
1978,Super productive day!
1979,Feeling anxious lately.
1980,Super productive day!
1981,Feeling low but hopeful.
1982,Trying to stay positive.
1983,A bit overwhelmed but okay.
1984,Feeling stressed today.
1985,Super productive day!
1986,Super productive day!
1987,Feeling low but hopeful.
1988,Great day with friends!
1989,Feeling anxious lately.
1990,A bit overwhelmed but okay.
1991,Life is going well.
1992,Feeling stressed today.
1993,Excited for the weekend!
1994,Life is going well.
1995,Feeling anxious lately.
1996,Feeling stressed today.
1997,Super productive day!
1998,Excited for the weekend!
1999,Great day with friends!
2000,A bit overwhelmed but okay.
